INSERT INTO TIME (NUM_INSCRICAO, NOME, DATA_CRIACAO, LOGOTIPO) VALUES (1, 'MIBR', TO_DATE('01/11/2015', 'DD/MM/YYYY'), '/logotipos/mibr');
INSERT INTO TIME (NUM_INSCRICAO, NOME, DATA_CRIACAO, LOGOTIPO) VALUES (2, 'fnatic', TO_DATE('01/10/2015', 'DD/MM/YYYY'), '/logotipos/fnatic');
INSERT INTO TIME (NUM_INSCRICAO, NOME, DATA_CRIACAO, LOGOTIPO) VALUES (3, 'Astralis', TO_DATE('01/10/2015', 'DD/MM/YYYY'), '/logotipos/astralis');
INSERT INTO TIME (NUM_INSCRICAO, NOME, DATA_CRIACAO, LOGOTIPO) VALUES (4, 'Liquid', TO_DATE('01/04/2017', 'DD/MM/YYYY'), '/logotipos/liquid');
INSERT INTO TIME (NUM_INSCRICAO, NOME, DATA_CRIACAO, LOGOTIPO) VALUES (5, 'paiN Gaming', TO_DATE('01/02/2012', 'DD/MM/YYYY'), '/logotipos/pain');
INSERT INTO TIME (NUM_INSCRICAO, NOME, DATA_CRIACAO, LOGOTIPO) VALUES (6, 'KaBuM! e-Sports', TO_DATE('01/03/2013', 'DD/MM/YYYY'), '/logotipos/kabum');
INSERT INTO TIME (NUM_INSCRICAO, NOME, DATA_CRIACAO, LOGOTIPO) VALUES (7, 'CNB e-Sports Club', TO_DATE('01/01/2012', 'DD/MM/YYYY'), '/logotipos/cnb');
INSERT INTO TIME (NUM_INSCRICAO, NOME, DATA_CRIACAO, LOGOTIPO) VALUES (8, 'FURY', TO_DATE('17/06/2018', 'DD/MM/YYYY'), '/logotipos/fury');
INSERT INTO TIME (NUM_INSCRICAO, NOME, DATA_CRIACAO, LOGOTIPO) VALUES (9, 'Rogue', TO_DATE('01/11/2015', 'DD/MM/YYYY'), '/logotipos/togue');

INSERT INTO CONFRONTO (TIME1, TIME2, CLASSICO) VALUES (5, 6, 'S');
INSERT INTO CONFRONTO (TIME1, TIME2, CLASSICO) VALUES (5, 7, 'S');
INSERT INTO CONFRONTO (TIME1, TIME2, CLASSICO) VALUES (6, 7, 'S');
INSERT INTO CONFRONTO (TIME1, TIME2, CLASSICO) VALUES (1, 2, 'N');
INSERT INTO CONFRONTO (TIME1, TIME2, CLASSICO) VALUES (8, 9, 'N');
INSERT INTO CONFRONTO (TIME1, TIME2, CLASSICO) VALUES (2, 3, 'S');

INSERT INTO JOGO (NOME, MODALIDADE) VALUES ('League of Legendes', 'MOBA');
INSERT INTO JOGO (NOME, MODALIDADE) VALUES ('Counter Strike: Global Offensive', 'FPS');
INSERT INTO JOGO (NOME, MODALIDADE) VALUES ('Rainbow Six Siege', 'FPS');

INSERT INTO CAMPEONATO (NOME, DATA, NUM_TIMES, PREMIO_TOTAL, JOGO) VALUES ('Campeonato de LOL', TO_DATE('2018/04/30', 'YYYY/MM/DD'), 3, 45000.00, 'League of Legendes');
INSERT INTO CAMPEONATO (NOME, DATA, NUM_TIMES, PREMIO_TOTAL, JOGO) VALUES ('Campeonato de CS', TO_DATE('2018/04/30', 'YYYY/MM/DD'), 3, 60000.00, 'Counter Strike: Global Offensive');
INSERT INTO CAMPEONATO (NOME, DATA, NUM_TIMES, PREMIO_TOTAL, JOGO) VALUES ('Campeonato de Rainbow 6', TO_DATE('2018/04/30', 'YYYY/MM/DD'), 4, 30000.00, 'Rainbow Six Siege');


INSERT INTO PARTICIPA_CAMPEONATO (TIME, CAMPEONATO, COLOCACAO) VALUES (5, 'Campeonato de LOL', 'Primeiro');
INSERT INTO PARTICIPA_CAMPEONATO (TIME, CAMPEONATO, COLOCACAO) VALUES (6, 'Campeonato de LOL', 'Segundo');
INSERT INTO PARTICIPA_CAMPEONATO (TIME, CAMPEONATO, COLOCACAO) VALUES (7, 'Campeonato de LOL', 'Terceiro');
INSERT INTO PARTICIPA_CAMPEONATO (TIME, CAMPEONATO) VALUES (1, 'Campeonato de CS');
INSERT INTO PARTICIPA_CAMPEONATO (TIME, CAMPEONATO) VALUES (2, 'Campeonato de CS');
INSERT INTO PARTICIPA_CAMPEONATO (TIME, CAMPEONATO) VALUES (3, 'Campeonato de CS');
INSERT INTO PARTICIPA_CAMPEONATO (TIME, CAMPEONATO) VALUES (8, 'Campeonato de Rainbow 6');
INSERT INTO PARTICIPA_CAMPEONATO (TIME, CAMPEONATO) VALUES (9, 'Campeonato de Rainbow 6');
INSERT INTO PARTICIPA_CAMPEONATO (TIME, CAMPEONATO) VALUES (1, 'Campeonato de Rainbow 6');
INSERT INTO PARTICIPA_CAMPEONATO (TIME, CAMPEONATO) VALUES (2, 'Campeonato de Rainbow 6');

INSERT INTO LOCAL (ARENA, ENDERECO, CAPACIDADE) VALUES ('OI Game Arena', 'OI Game Arena', 4000);
INSERT INTO LOCAL (ARENA, ENDERECO, CAPACIDADE) VALUES ('Gameplay Stage', 'Gameplay Stage', 600);


INSERT INTO PARTIDA (ID, TIME1, TIME2, CAMPEONATO, DATA_HORA, FASE, NUM_ESPECTADORES, DURACAO, VITORIOSO, LOCAL) VALUES (1, 5, 6, 'Campeonato de LOL', TO_DATE('2018/04/30', 'YYYY/MM/DD'), 'Grupos', 3800,'01H10M03S', 5, 'OI Game Arena');
INSERT INTO PARTIDA (ID, TIME1, TIME2, CAMPEONATO, DATA_HORA, FASE, NUM_ESPECTADORES, DURACAO, VITORIOSO, LOCAL) VALUES (2, 5, 7, 'Campeonato de LOL', TO_DATE('2018/04/30', 'YYYY/MM/DD'), 'Grupos', 3400,'01H10M09S', 5, 'OI Game Arena');
INSERT INTO PARTIDA (ID, TIME1, TIME2, CAMPEONATO, DATA_HORA, FASE, NUM_ESPECTADORES, DURACAO, VITORIOSO, LOCAL) VALUES (3, 6, 7, 'Campeonato de LOL', TO_DATE('2018/04/30', 'YYYY/MM/DD'), 'Grupos', 3250,'01H10M10S', 6, 'OI Game Arena');
INSERT INTO PARTIDA (ID, TIME1, TIME2, CAMPEONATO, DATA_HORA, FASE, NUM_ESPECTADORES, DURACAO, VITORIOSO, LOCAL) VALUES (4, 1, 2, 'Campeonato de CS', TO_DATE('2018/04/30', 'YYYY/MM/DD'), 'Grupos', 3780, '01H10M03S', 1, 'OI Game Arena');
INSERT INTO PARTIDA (ID, TIME1, TIME2, CAMPEONATO, DATA_HORA, FASE, NUM_ESPECTADORES, DURACAO, VITORIOSO, LOCAL) VALUES (5, 5, 6, 'Campeonato de LOL', TO_DATE('2018/04/29', 'YYYY/MM/DD'), 'Grupos', 3120,'01H10M08S', 2, 'OI Game Arena');
INSERT INTO PARTIDA (ID, TIME1, TIME2, CAMPEONATO, DATA_HORA, FASE, LOCAL) VALUES (6, 8, 9, 'Campeonato de Rainbow 6', TO_DATE('2020/05/30', 'YYYY/MM/DD'), 'Grupos', 'OI Game Arena');
INSERT INTO PARTIDA (ID, TIME1, TIME2, CAMPEONATO, DATA_HORA, FASE, LOCAL) VALUES (7, 5, 6, 'Campeonato de LOL', TO_DATE('2020/04/30', 'YYYY/MM/DD'), 'Grupos', 'OI Game Arena');
INSERT INTO PARTIDA (ID, TIME1, TIME2, CAMPEONATO, DATA_HORA, FASE, LOCAL) VALUES (8, 2, 3, 'Campeonato de CS', TO_DATE('2020/06/30', 'YYYY/MM/DD'), 'Grupos',  'OI Game Arena');


INSERT INTO PESSOA (CPF, RG, NOME, ENDERECO, DATA_NASC, GENERO)
    VALUES ('400.560.298-61', '10.000.201-3', 'FalleN', 'Rua Guarujá, 213, Rib. Preto', TO_DATE('1995/09/02', 'YYYY/MM/DD'), 'M');
INSERT INTO PESSOA (CPF, RG, NOME, ENDERECO, DATA_NASC, GENERO)
    VALUES ('100.560.298-61', '20.000.201-3', 'kNgV-', 'Rua Luiz Gomes, 215, Rib. Preto', TO_DATE('1991/09/02', 'YYYY/MM/DD'), 'M');
INSERT INTO PESSOA (CPF, RG, NOME, ENDERECO, DATA_NASC, GENERO)
    VALUES ('200.560.298-61', '30.000.201-3', 'fer', 'Rua Campos Salles, 213, Rib. Preto', TO_DATE('1995/09/02', 'YYYY/MM/DD'), 'M');
INSERT INTO PESSOA (CPF, RG, NOME, ENDERECO, DATA_NASC, GENERO)
    VALUES ('300.560.298-61', '40.000.201-3', 'LUCAS1', 'Rua Guarujá, 213, Rib. Preto', TO_DATE('1996/10/15', 'YYYY/MM/DD'), 'M');
INSERT INTO PESSOA (CPF, RG, NOME, ENDERECO, DATA_NASC, GENERO)
    VALUES ('500.560.298-61', '50.000.201-3', 'TACO', 'Rua Guarujá, 213, Rib. Preto', TO_DATE('1990/03/07', 'YYYY/MM/DD'), 'M');
INSERT INTO PESSOA (CPF, RG, NOME, ENDERECO, DATA_NASC, GENERO)
    VALUES ('600.560.298-61', '60.000.201-3', 'flusha', 'Rua Guarujá, 213, Rib. Preto', TO_DATE('1993/09/02', 'YYYY/MM/DD'), 'M');
INSERT INTO PESSOA (CPF, RG, NOME, ENDERECO, DATA_NASC, GENERO)
    VALUES ('700.560.298-61', '70.000.201-3', 'JW', 'Rua Guarujá, 213, Rib. Preto', TO_DATE('1995/08/02', 'YYYY/MM/DD'), 'M');


INSERT INTO JOGADOR (PESSOA, DATA_INICIO, TIME_ATUAL, JOGO)  VALUES ('400.560.298-61', TO_DATE('01/07/2018', 'DD/MM/YYYY'), 1, 'Counter Strike: Global Offensive');
INSERT INTO JOGADOR (PESSOA, DATA_INICIO, TIME_ATUAL, JOGO)  VALUES ('100.560.298-61', TO_DATE('01/09/2019', 'DD/MM/YYYY'), 1, 'Counter Strike: Global Offensive');
INSERT INTO JOGADOR (PESSOA, DATA_INICIO, TIME_ATUAL, JOGO)  VALUES ('200.560.298-61', TO_DATE('01/07/2018', 'DD/MM/YYYY'), 1, 'Counter Strike: Global Offensive');
INSERT INTO JOGADOR (PESSOA, DATA_INICIO, TIME_ATUAL, JOGO)  VALUES ('300.560.298-61', TO_DATE('01/07/2019', 'DD/MM/YYYY'), 1, 'Counter Strike: Global Offensive');
INSERT INTO JOGADOR (PESSOA, DATA_INICIO, TIME_ATUAL, JOGO)  VALUES ('500.560.298-61', TO_DATE('01/02/2019', 'DD/MM/YYYY'), 1, 'Counter Strike: Global Offensive');
INSERT INTO JOGADOR (PESSOA, DATA_INICIO, TIME_ATUAL, JOGO)  VALUES ('600.560.298-61', TO_DATE('01/02/2017', 'DD/MM/YYYY'), 2, 'Counter Strike: Global Offensive');
INSERT INTO JOGADOR (PESSOA, DATA_INICIO, TIME_ATUAL, JOGO)  VALUES ('700.560.298-61', TO_DATE('01/09/2019', 'DD/MM/YYYY'), 2, 'Counter Strike: Global Offensive');


INSERT INTO PROFISSAO (PESSOA, PROFISSAO)  VALUES ('400.560.298-61', 'JOGADOR');
INSERT INTO PROFISSAO (PESSOA, PROFISSAO)  VALUES ('100.560.298-61', 'JOGADOR');
INSERT INTO PROFISSAO (PESSOA, PROFISSAO)  VALUES ('200.560.298-61', 'JOGADOR');
INSERT INTO PROFISSAO (PESSOA, PROFISSAO)  VALUES ('300.560.298-61', 'JOGADOR');
INSERT INTO PROFISSAO (PESSOA, PROFISSAO)  VALUES ('500.560.298-61', 'JOGADOR');
INSERT INTO PROFISSAO (PESSOA, PROFISSAO)  VALUES ('600.560.298-61', 'JOGADOR');
INSERT INTO PROFISSAO (PESSOA, PROFISSAO)  VALUES ('700.560.298-61', 'JOGADOR');


INSERT INTO STATUS_CS (PARTIDA, JOGADOR, KILLS, DEATHS, ASSISTS, POSICAO, BOMBAS_ARMADAS, BOMBAS_DESARMADAS, HEADSHOTS)  VALUES (4, '400.560.298-61', 15, 5, 10, 'SNIPER', 2, 5, 10);
INSERT INTO STATUS_CS (PARTIDA, JOGADOR, KILLS, DEATHS, ASSISTS, POSICAO, BOMBAS_ARMADAS, BOMBAS_DESARMADAS, HEADSHOTS)  VALUES (4, '100.560.298-61', 10, 7, 10, 'ASSAULT RIFLE', 2, 5, 10);
INSERT INTO STATUS_CS (PARTIDA, JOGADOR, KILLS, DEATHS, ASSISTS, POSICAO, BOMBAS_ARMADAS, BOMBAS_DESARMADAS, HEADSHOTS)  VALUES (4, '200.560.298-61', 15, 5, 10, 'SNIPER', 4, 5, 10);
INSERT INTO STATUS_CS (PARTIDA, JOGADOR, KILLS, DEATHS, ASSISTS, POSICAO, BOMBAS_ARMADAS, BOMBAS_DESARMADAS, HEADSHOTS)  VALUES (4, '300.560.298-61', 13, 15, 10, 'MACHINE GUN', 2, 5, 6);
INSERT INTO STATUS_CS (PARTIDA, JOGADOR, KILLS, DEATHS, ASSISTS, POSICAO, BOMBAS_ARMADAS, BOMBAS_DESARMADAS, HEADSHOTS)  VALUES (4, '500.560.298-61', 12, 15, 21, 'SUBMACHINE GUN', 2, 5, 4);
INSERT INTO STATUS_CS (PARTIDA, JOGADOR, KILLS, DEATHS, ASSISTS, POSICAO, BOMBAS_ARMADAS, BOMBAS_DESARMADAS, HEADSHOTS)  VALUES (4, '600.560.298-61', 15, 5, 10, 'SNIPER', 2, 5, 10);
INSERT INTO STATUS_CS (PARTIDA, JOGADOR, KILLS, DEATHS, ASSISTS, POSICAO, BOMBAS_ARMADAS, BOMBAS_DESARMADAS, HEADSHOTS)  VALUES (4, '700.560.298-61', 10, 5, 12, 'ASSAULT RIFLE', 2, 5, 10);
